Course Name,Madgrades Link,Course Code,Average GPA
General Chemistry I,https://madgrades.com/courses/692b17a3-b6e8-36ca-9125-ffd3599310b5,CHEM 103,2.977
Introduction to Psychology,https://madgrades.com/courses/c4b711dc-f288-33ed-b28a-ffd913508ba8,PSYCH 202,2.953
Principles of Microeconomics,https://madgrades.com/courses/b81df125-d61c-3801-bb09-43062bfb2f4b,ECON 101,3.029
Music in Performance,https://madgrades.com/courses/375be695-8a2b-327f-a297-f7dbc97ce275,MUSIC 113,3.934
General Chemistry II,https://madgrades.com/courses/f72602ce-b6a3-39c0-9351-274adbb760f4,CHEM 104,2.938
Calculus and Analytic Geometry 1,https://madgrades.com/courses/ba5e501e-ce8d-30f5-afc5-974a94abb3b4,MATH 221,2.885
Introductory Organic Chemistry,https://madgrades.com/courses/3dbd2be9-9044-378f-b910-f6d851fe61f7,CHEM 343,2.785
Calculus and Analytic Geometry 2,https://madgrades.com/courses/6a44f01b-2a3a-31c2-913d-2aa593d3a352,MATH 222,2.809
Calculus--Functions of Several Variables,https://madgrades.com/courses/dda5359e-55e4-3269-81f4-8fbfe3da4c0a,MATH 234,2.955
Nutrition Today,https://madgrades.com/courses/d7563950-ae00-3d50-9bf8-fe094b342f9c,NUTR SCI 132,2.944
Cultural Anthropology and Human Diversity,https://madgrades.com/courses/a4dcc153-1a04-39d8-9b28-b56fb4fa5266,ANTHRO 104,3.444
Animal Biology,https://madgrades.com/courses/c9ed47c4-72ad-3ea9-8b3f-cf88c6c6a5c6,BIOLOGY / ZOOLOGY 101,2.559
Principles of Macroeconomics,https://madgrades.com/courses/9d5e6a29-a689-33ac-a62d-808dc5b91ea3,ECON 102,2.988
Intermediate Organic Chemistry,https://madgrades.com/courses/f9c8f047-0915-3752-aabc-49affeed9942,CHEM 345,2.827
Introduction to Statistical Methods,https://madgrades.com/courses/f31fb5a4-74ce-33c5-b532-e5c7d4d2a92a,STAT 301,3.055
Marketing Management,https://madgrades.com/courses/c9c99cb2-efeb-3cd3-a2e0-0e960ac4080d,MARKETNG 300,3.203
Introductory Biology,https://madgrades.com/courses/c44cb7db-e746-3a31-bb4b-0351e0dc7634,BIOLOGY / BOTANY / ZOOLOGY 151,2.893
Introductory Biology,https://madgrades.com/courses/39a99bf4-6745-38c3-b76d-42e994c59c1d,BIOLOGY / BOTANY / ZOOLOGY 152,3.119
General Physics,https://madgrades.com/courses/d80b0f9e-bf43-3f46-87e5-7e64c8a5cd8a,PHYSICS 103,3.042
Introduction to Biochemistry,https://madgrades.com/courses/b94167f0-d0d7-3a53-8faa-aaac951c4c27,BIOCHEM 501,3.145
Introductory Financial Accounting,https://madgrades.com/courses/fc10f135-3e48-3b54-ad16-e551abb3a85a,ACCT I S 100,2.933
Managing Organizations,https://madgrades.com/courses/9ee6a857-3c5c-3460-9fce-14da2d68bb9a,M H R 300,3.107
Introductory Applied Statistics for the Life Sciences,https://madgrades.com/courses/130a1b1b-b47d-333f-853a-593c6af57c7a,STAT 371,3.186
Calculus,https://madgrades.com/courses/0bc1dcbe-1dcd-32b9-b56f-1d5549d8674c,MATH 211,2.876
Introduction to Finance,https://madgrades.com/courses/2ba8f07f-a491-383b-baee-82e1132dd398,FINANCE / ECON 300,2.989
Problems of American Racial and Ethnic Minorities,https://madgrades.com/courses/023773f7-4ead-37ff-8669-00222ddec73f,SOC 134,3.420
General Physics,https://madgrades.com/courses/001738d6-6195-3557-8833-83cb53fdc779,PHYSICS 104,3.079
Introduction to Philosophy,https://madgrades.com/courses/c23d7b1d-4add-3dd4-a9e5-47d56b05aa42,PHILOS 101,3.236
General Physics,https://madgrades.com/courses/b0608993-81fe-34dd-8378-43962a2d946f,PHYSICS 202,2.950
Business Law,https://madgrades.com/courses/2bd2739d-0f20-3344-994c-03734af40d35,GEN BUS 301,3.024
Linear Algebra and Differential Equations,https://madgrades.com/courses/2cff971f-1ac1-35f2-9871-853b5a3255c5,MATH 320,2.899
Introduction to American Politics and Government,https://madgrades.com/courses/22b6ef3a-6c9d-30b2-82aa-4bdad413c80b,POLI SCI 104,2.934
Advanced General Chemistry,https://madgrades.com/courses/14193ea4-a769-3851-bdfc-5feb280ea019,CHEM 109,3.253
Algebra,https://madgrades.com/courses/6d9cd506-e7af-3afc-942b-fc6b201a1b81,MATH 112,2.620
Introduction to Theatre and Dramatic Literature,https://madgrades.com/courses/f3b7eb47-e8e4-3f78-b48f-9925c03a9232,ENGL / THEATRE 120,3.604
"The Evolving Universe: Stars, Galaxies, and Cosmology",https://madgrades.com/courses/b70ef039-8f07-3092-8779-a524088efcd8,ASTRON 103,3.110
Introduction to Mass Communication,https://madgrades.com/courses/6807d56b-f0c1-3dd7-bd64-a4259090e43b,JOURN 201,3.511
Contemporary Moral Issues,https://madgrades.com/courses/7aeb5a2f-d89a-36a6-91b5-087b015b46e4,PHILOS 341,3.511
Operations Management,https://madgrades.com/courses/cb569555-b0b6-3112-982e-c103e555cb04,OTM 300,3.138
Women and Their Bodies in Health and Disease,https://madgrades.com/courses/003e7bf5-85a2-369b-a0d6-b6215231a67c,WOMEN ST 103,3.652
Physiology,https://madgrades.com/courses/632611e1-a799-392e-bef2-8fb3a0a4a939,PHYSIOL 335,2.947
Introduction to Computer Engineering,https://madgrades.com/courses/cac576c6-784e-3f56-8a53-6000c77c9a70,COMP SCI / E C E 252,3.256
Introduction to Programming,https://madgrades.com/courses/28a2d3c7-60de-3cf1-80ff-e989f4d88350,COMP SCI 302,2.900
Introductory Managerial Accounting,https://madgrades.com/courses/1e810545-ae5c-3a04-bc87-196e98e95fe0,ACCT I S 211,2.994
Intermediate Microeconomic Theory,https://madgrades.com/courses/175dd01f-6485-309d-b125-a84d7e860cc3,ECON 301,2.996
Statics,https://madgrades.com/courses/503240b6-78e7-36fd-ada4-69ce155bd29b,E M A 201,2.721
Intermediate Macroeconomic Theory,https://madgrades.com/courses/4064808a-285c-321b-bb85-d87d5a001e1d,ECON 302,3.079
Weather and Climate,https://madgrades.com/courses/0791ad4d-0a9f-3d15-807f-9c0d7befb7b3,ATM OCN 100,2.957
General Microbiology,https://madgrades.com/courses/78890754-4b7e-391c-8441-9c54494c84d4,MICROBIO 101,3.058
Principles of Biological Anthropology,https://madgrades.com/courses/0bf1f00c-ead6-3818-ae55-fc0d20f07828,ANTHRO 105,3.377
Varsity Band,https://madgrades.com/courses/e72b36f3-cf58-36c9-950d-4ba4be613c1f,MUSIC 42,3.988
General Geology,https://madgrades.com/courses/532d3503-6a9e-3440-baa7-1d29295413d4,GEOLOGY 100,3.173
How People Learn,https://madgrades.com/courses/41c32eef-d204-3353-af3b-6773c689d03c,ED PSYCH 301,3.714
Basic Statistics for Psychology,https://madgrades.com/courses/0254668f-3a95-3c64-8c43-8031b6aa4738,PSYCH 210,2.742
Elementary Matrix and Linear Algebra,https://madgrades.com/courses/8ca4cb82-0242-32e6-8206-b1f99ae17e84,MATH 340,2.918
Special Topics,https://madgrades.com/courses/4590d10f-d7d6-333c-8b79-44ce35b33051,HDFS / CSCS / CNSR SCI / DS / INTER-HE 501,3.759
The Real Estate Process,https://madgrades.com/courses/e04d246d-fd86-3a25-b306-95c873eea5f2,A A E / REAL EST / ECON / URB R PL 306,3.177
Biology of Microorganisms,https://madgrades.com/courses/1a026ac7-b8ab-3432-877a-b1b206b69429,MICROBIO 303,2.994
University Band,https://madgrades.com/courses/1b2b661b-c246-31cc-be63-6a69751e5f78,MUSIC 43,3.978
Introduction to the Earth System,https://madgrades.com/courses/d8911e1b-74e3-3b30-806e-67299b0b910a,ENVIR ST / GEOG 120,2.987
Introduction to International Relations,https://madgrades.com/courses/1fbeb32c-c731-3a82-8c0f-5be13243bec3,POLI SCI 103,3.010
General Anthropology,https://madgrades.com/courses/ea34aff5-2ce6-3697-b52c-060119599aab,ANTHRO 100,2.813
Machine Organization and Programming,https://madgrades.com/courses/cb48129f-99e6-36fa-9a20-46e0617e2499,COMP SCI / E C E 354,3.087
Introduction to Discrete Mathematics,https://madgrades.com/courses/60bf2c49-51e0-3f19-b9a5-04c55dbd3a7c,COMP SCI / MATH 240,3.059
Criminal Justice in America,https://madgrades.com/courses/b64a994b-9056-309a-926d-0c4ba341bbc6,LEGAL ST / SOC 131,2.988
General Physics,https://madgrades.com/courses/85e3e255-5bad-36de-b289-e5d9a7ef8a92,PHYSICS 201,2.914
Marriage and Family,https://madgrades.com/courses/31025502-ca25-3739-bf0a-e1b794cea5b9,SOC 120,3.250
Black Music and American Cultural History,https://madgrades.com/courses/accc8a19-e959-3078-b88c-fd51a8b0b9ff,AFROAMER 156,3.727
Physics in the Arts,https://madgrades.com/courses/c7c06960-1ff6-3dda-9273-1e03d3dea05b,PHYSICS 109,3.329
Principles of Risk Management,https://madgrades.com/courses/0ebb0273-228a-3431-8cf3-7d0383d26978,R M I 300,3.043
Development from Adolescence to Old Age,https://madgrades.com/courses/dd5eab7e-63e2-3e05-81ed-d00f3f9c506e,HDFS 363,3.487
Algebra and Trigonometry,https://madgrades.com/courses/1a39869e-fbba-365e-9a29-863c3a94c000,MATH 114,2.768
International Business,https://madgrades.com/courses/01b263c7-ecf6-3b4b-bc36-05e9f8eec5d1,INTL BUS 200,3.131
Communication and Human Behavior,https://madgrades.com/courses/22a2fb24-2ad4-3672-9d8b-9091b3e43ce0,COM ARTS 260,3.258
Principles of Genetics,https://madgrades.com/courses/4b9ee329-b384-3a2c-a98d-d18588aedd48,BOTANY / GENETICS / ZOOLOGY 466,2.795
Development of the Young Child,https://madgrades.com/courses/7eb293ac-1a6d-3c5a-9813-e9155007c942,HDFS 362,3.498
Population Problems,https://madgrades.com/courses/23f236ff-9bc6-3d79-bfda-bf527c8f3757,SOC 170,3.427
Survey of Contemporary Media,https://madgrades.com/courses/4cadcef2-9447-37a3-a232-04d07c3c2033,COM ARTS 250,3.139
Human Language,https://madgrades.com/courses/18cc3522-e0e4-3626-a3e4-cd4fa3d1ab1a,LINGUIS 101,3.327
Financial Reporting I,https://madgrades.com/courses/c7084028-4fc5-383d-b6cc-d9612a157ede,ACCT I S 301,3.263
Health Care Systems: Interdisciplinary Approach,https://madgrades.com/courses/e6697792-07c1-31ac-ba5b-ef530e842d13,NURSING / S&A PHM / SOC WORK / THER SCI 105,3.812
General Physics,https://madgrades.com/courses/97a4c5b6-5cf9-3723-9097-1a5f034c5ab3,PHYSICS 207,3.068
The African Storyteller,https://madgrades.com/courses/87e00cc9-83f8-31c7-9fda-8860016e9a0e,AFRICAN / FOLKLORE 210,3.198
Statistics: Measurement in Economics,https://madgrades.com/courses/0197f3d8-785d-3a4e-a93b-06e34105c951,ECON 310,3.017
Introductory Ethics,https://madgrades.com/courses/298ec62a-b59f-332b-979d-80ded6260e55,PHILOS 241,3.431
Human Development in Infancy and Childhood,https://madgrades.com/courses/b34eccf6-513b-31b2-a766-2e4611046a3d,ED PSYCH 320,3.522
Programming I,https://madgrades.com/courses/3795cfcc-807e-3ca7-8348-d4a909a42f06,COMP SCI 200,3.148
General Physics,https://madgrades.com/courses/3c1a4a17-8e45-37ac-aad7-ba4f81b63160,PHYSICS 208,3.107
Human Anatomy,https://madgrades.com/courses/0ac00e40-22ac-3c5e-a6b5-c92db215f1ec,ANATOMY / KINES 328,3.090
Programming II,https://madgrades.com/courses/07eabcce-fdab-3781-99ca-7dc2dc3544ae,COMP SCI 300,3.280
Calculus with Algebra and Trigonometry I,https://madgrades.com/courses/fafdfd24-7627-3283-8faf-9ff3835d8d77,MATH 171,2.773
Individuals with Disabilities,https://madgrades.com/courses/f40c089c-5c17-3236-bc9e-d8516618104c,RP & SE 300,3.847
Accounting Principles,https://madgrades.com/courses/47a7e6e7-c3a0-3a52-a0e5-b5accd122c40,ACCT I S 300,3.222
Elementary Logic,https://madgrades.com/courses/7821b82a-b977-307e-9214-de7210f03042,PHILOS 211,3.246
Introduction to Engineering Design,https://madgrades.com/courses/d6d48ab8-f992-32fb-95d0-3990688fcd2c,INTEREGR 160,3.660
Introductory Applied Statistics for Engineers,https://madgrades.com/courses/af01d7d8-e43f-33d5-bded-746bfe45f2b5,STAT 324,3.152
Introduction to Algorithms,https://madgrades.com/courses/1f36cc02-0eee-3fcf-be09-1ad17aecf83c,COMP SCI 577,3.090
Introduction to Artificial Intelligence,https://madgrades.com/courses/de8a0a8c-e076-3ec2-8b6c-e1e1ee82a53e,COMP SCI 540,3.203
Abnormal Psychology,https://madgrades.com/courses/22aa56af-50a4-397c-95d8-affbbc4ed686,PSYCH 509,2.823
Evolution and Extinction,https://madgrades.com/courses/2b25ad1c-670c-3241-83b5-9d6d800966ff,GEOLOGY 110,2.916
All-University String Orchestra,https://madgrades.com/courses/72f97093-b365-3016-8beb-941a785b5231,MUSIC 60,3.971
Business Analytics I,https://madgrades.com/courses/b83fd98c-d07b-3eac-a6cb-c435610fc7ca,GEN BUS 306,3.120
Consumer Finance,https://madgrades.com/courses/2ce7f4dc-e082-3dac-bbf9-d32a47e0b8ed,CNSR SCI 275,3.366
Gems: The Science Behind the Sparkle,https://madgrades.com/courses/10560108-a9bf-380d-a14d-aafe62485c65,GEOLOGY 331,3.230
Intro to Modern American Lit,https://madgrades.com/courses/48affed2-0e88-3234-82a3-b0fe0d4dd434,ENGLISH 169,3.343
American Society: How It Really Works,https://madgrades.com/courses/99e9c065-6dba-30ad-8193-8c9d6820ff86,SOC 125,3.135
Research Methods,https://madgrades.com/courses/f265e104-a761-3e2f-8989-4db5b4a6e981,PSYCH 225,3.021
Contemporary Topics,https://madgrades.com/courses/d28578a5-d43d-3dc2-8389-4efd50c0b90d,GEN BUS 365,3.580
In Translation: The Tales of Hans Christian Andersen,https://madgrades.com/courses/1fb63347-3879-3ffa-8e24-63ae7e039c4c,LITTRANS 275,3.463
Introduction to Data Structures,https://madgrades.com/courses/892c1608-d603-3e23-80b9-5db404724b39,COMP SCI 367,2.978
Our Digital Globe: An Overview of GIScience and its Technology,https://madgrades.com/courses/6b991cc1-966f-3f14-bed0-94228de4df43,GEOG 170,3.363
Introduction to Operating Systems,https://madgrades.com/courses/e9a360bc-be2d-35d1-9684-a464bbbd0c15,COMP SCI 537,3.362
Investment Theory,https://madgrades.com/courses/a0662959-4dae-366f-946f-fe52d256f9d3,FINANCE / ECON 320,3.283
Introduction to Global Health,https://madgrades.com/courses/73ae2e6b-6efc-3ad2-86c2-0dc0af787be3,AGRONOMY / ENTOM / NUTR SCI 203,3.799
Africa: An Introductory Survey,https://madgrades.com/courses/77142883-6926-3b0a-b384-1f669204988f,AFRICAN / AFROAMER / ANTHRO / GEOG / HISTORY / POLI SCI / SOC 277,3.260
Introductory Engineering Graphics,https://madgrades.com/courses/a5d832d3-faa2-3386-acf6-7bfbde6b09ff,M E 231,3.166
Introduction to Human Geography,https://madgrades.com/courses/f69d9d8f-dc0c-31f5-b3ed-2d4712792982,GEOG 101,3.318
Human Sexuality: Social and Psychological Issues,https://madgrades.com/courses/4ff7da5a-4227-331b-9751-0141474b34e1,PSYCH / SOC 160,3.014
Introduction to Hispanic Literatures,https://madgrades.com/courses/e05e5940-d15a-3257-9813-e4f6f722e271,SPANISH 224,3.545
General Botany,https://madgrades.com/courses/7ed5e8fe-31a1-37c1-8d69-a9c07ee25887,BIOLOGY / BOTANY 130,2.913
Introduction to Hispanic Cultures,https://madgrades.com/courses/882ad46c-d738-392b-8d84-2c3586311555,SPANISH 223,3.561
Introduction to Materials Science,https://madgrades.com/courses/ce2189ea-6319-33c5-a127-388c6ccb0031,M S & E 350,3.444
Introduction to International Studies,https://madgrades.com/courses/ac00f625-5340-32c0-b360-971af363637b,INTL ST 101,3.251
Pathophysiologic Principles of Human Diseases,https://madgrades.com/courses/4ef35976-6528-369d-a6b1-ef62620620a8,PATH 404,3.282
Techniques in Ordinary Differential Equations,https://madgrades.com/courses/85dc5e15-56ba-3865-b947-5c7ba3b0c11e,MATH 319,2.973
Money and Banking,https://madgrades.com/courses/9b790806-7d09-3d63-a92f-0c77a9f6bd78,ECON 330,2.849
Programming III,https://madgrades.com/courses/e449f054-a344-3556-b18a-5333e51ceb82,COMP SCI 400,3.358
Environmental Conservation,https://madgrades.com/courses/e8c29817-b5a5-339f-8ae8-0f00f457dede,ENVIR ST / GEOG 339,2.946
Business Analytics II,https://madgrades.com/courses/2c7e85a2-1e03-3901-951a-10b485ce7be9,GEN BUS 307,3.200
Introduction to Film,https://madgrades.com/courses/e77da687-7e88-33a3-b672-402121077372,COM ARTS 350,3.149
Human Development in Adolescence,https://madgrades.com/courses/ef9445ed-4389-3cef-8af3-ea374259d314,ED PSYCH 321,3.381
Calculus and Introduction to Differential Equations,https://madgrades.com/courses/55571512-7aba-36e5-a212-eb77d17cd979,MATH 213,3.132
Derivative Securities,https://madgrades.com/courses/e796d9d4-162f-33e2-a3b0-28eb5c15fb16,FINANCE 330,3.273
Biology of Microorganisms Laboratory,https://madgrades.com/courses/0810dc81-809d-38a9-8990-c9bf0b6dd0be,MICROBIO 304,3.238
Neurobiology,https://madgrades.com/courses/989832dc-e1a3-35b0-b3a2-b80c09a76651,NTP / PSYCH / ZOOLOGY 523,3.306
Thermodynamics,https://madgrades.com/courses/04f02f18-c86e-32e2-9343-91316fa73b84,M E 361,2.993
Extinction of Species,https://madgrades.com/courses/f3a459f1-4a70-314f-bd98-7c643b6314c4,ENVIR ST / F&W ECOL / WL ECOL / ZOOLOGY 360,3.344
Introduction to Communicative Disorders,https://madgrades.com/courses/a564aba1-4004-3ea2-b32d-d49cb833426d,COM DIS 110,3.476
Corporation Finance,https://madgrades.com/courses/ad142c66-4592-373b-9205-29f88443e138,FINANCE 325,3.327
Immunology,https://madgrades.com/courses/e6815055-bbb0-3e0f-9089-bf581caaf367,M M & I 341,3.681
The Biology and Appreciation of Companion Animals,https://madgrades.com/courses/4fb3d5c3-cc28-3696-ba9d-5588725c7c5f,AN SCI 200,2.972
Environmental Geology,https://madgrades.com/courses/b06a3c06-ff85-3a1d-b913-a5d35aa608b1,ENVIR ST / GEOLOGY 106,3.084
Digital System Fundamentals,https://madgrades.com/courses/73e639b4-409e-3bcd-9211-51eafa19a1b1,COMP SCI / E C E 352,3.059
Introduction to Theory and Methods of Mathematical Statistics I,https://madgrades.com/courses/0a79210e-443f-3380-85a1-377120f0693e,STAT 311,3.225
Calculus with Algebra and Trigonometry II,https://madgrades.com/courses/4bbe242a-9bd1-3cbd-8028-df71319855c5,MATH 217,2.712
Intro to Modern Lit since 1900,https://madgrades.com/courses/5c1997ea-fc84-362b-9040-b51a3a7b59f1,ENGLISH 168,3.320
Classical Mythology,https://madgrades.com/courses/d2c2613b-faa0-39e0-bd0d-0a08dbb42e96,CLASSICS 370,3.248
Consumer Behavior,https://madgrades.com/courses/e110a0ba-8603-3134-a806-10d46e39d22b,MARKETNG 305,3.416
Television Industries,https://madgrades.com/courses/54900332-20c3-3249-ab1b-d24e3ce2b457,COM ARTS 351,3.084
General Microbiology Laboratory,https://madgrades.com/courses/911d5c71-bf44-3032-b33d-b558e7f5f744,MICROBIO 102,3.563
Introductory Ecology,https://madgrades.com/courses/12376d79-c8f2-3c65-b20e-9f96c2bb58ec,BOTANY / ENVIR ST / ZOOLOGY 260,3.113
Fundamentals of Management and Marketing for Non-Business Majors,https://madgrades.com/courses/0a5e53ec-c12c-397e-ac55-bc624084df39,GEN BUS 311,3.323
Insects and Human Culture-a Survey Course in Entomology,https://madgrades.com/courses/38b29a1f-0add-3dae-89b4-7e10f6187569,ENTOM / ENVIR ST 201,3.650
Fluid Dynamics,https://madgrades.com/courses/f59200a4-b53b-3273-afd6-c594446077e1,M E 363,3.091
Politics Around the World,https://madgrades.com/courses/3d984241-e3de-3fb1-966c-f13eb5df69ca,POLI SCI 106,2.955
Mechanics of Materials,https://madgrades.com/courses/3f8f938d-9aa5-3c9c-a01f-0fe59c31dfaa,M E 306,2.963
Introductory Statistics for Engineers,https://madgrades.com/courses/b013a134-06a6-31a9-9e46-128d03b4700e,STAT 224,3.070
"Gender, Women, and Society in Global Perspective",https://madgrades.com/courses/084d78bf-49e7-348f-a759-21422a30849b,WOMEN ST 102,3.474
"American History, Civil War Era to the Present",https://madgrades.com/courses/b9dc2573-b740-394d-bc31-7ece78db1b38,HISTORY 102,3.350
Introduction to Agricultural and Applied Economics,https://madgrades.com/courses/94af352f-79af-3952-b895-c99ec5fa70c6,A A E 215,3.115
Introduction to Cross-Cultural Literary Forms,https://madgrades.com/courses/2475767a-b994-3321-ab1a-48179af9b2d6,COMP LIT 203,3.437
Reason in Communication,https://madgrades.com/courses/c24eaca7-d0b4-36cf-9529-4d2bfc996a4c,PHILOS 210,3.169
Methods of Sociological Inquiry,https://madgrades.com/courses/b8714a0f-43fa-3424-b9bf-79cdaccb2422,RUR SOC / SOC 357,3.401
Primates and Us: Insights into Human Biology and Behavior,https://madgrades.com/courses/4faeca7c-f180-30cb-b440-4874784da918,PSYCH 450,3.227
Cooperative Education Program,https://madgrades.com/courses/a3e3e1c3-543d-3bb5-ae65-5f2aec4ad1de,B M E / CBE / CIV ENGR / E C E / E M A / G L E / I SY E / M E / M S & E / N E 1,3.950
Introduction to Interpersonal Communication,https://madgrades.com/courses/d04c2f85-6a19-37f8-91a0-aa6cf659eaca,COM ARTS 272,3.130
Fundamentals of Accounting and Finance for Non-Business Majors,https://madgrades.com/courses/491b7c48-edd7-334a-b0fe-468c9f2c2391,GEN BUS 310,3.145
Introduction to Media Production,https://madgrades.com/courses/6bfc902f-3dca-3af0-aed5-d4dd56e58f6b,COM ARTS 355,3.304
Electrical and Electronic Circuits,https://madgrades.com/courses/d11cbbaf-1a50-3827-9571-815159ef2d9f,E C E 376,3.142
"Amer Hist to the Civil War Era, the Origin & Growth of the U S",https://madgrades.com/courses/1c84080e-6d59-355f-bf5b-e9cdb99bf32f,HISTORY 101,3.356
Introduction to Political Theory,https://madgrades.com/courses/82b5020a-d5e7-352c-a49e-e0d068f5f6e2,POLI SCI 209,3.291
Human Resource Management,https://madgrades.com/courses/1ab1dca5-d13e-3d79-8691-551980a83ab6,M H R 305,3.324
Survey of Sociology,https://madgrades.com/courses/169a9a1d-a9cf-3929-a2a6-765bc47b109e,RUR SOC / SOC 210,3.321
Dynamics,https://madgrades.com/courses/3fe3022e-d445-326c-93f1-b4a08581f0c7,M E 240,2.945
Theory and Practice of Argumentation and Debate,https://madgrades.com/courses/59749b7e-9f6b-39e0-a444-ef4e70774f9c,COM ARTS 262,3.328
"Plants, Parasites, and People",https://madgrades.com/courses/81dbd601-eaee-3c00-b2e9-a7824ebee5fb,BOTANY / PL PATH 123,3.342
Archaeology and the Prehistoric World,https://madgrades.com/courses/72d09afe-5e88-3ee1-93c4-c1f59c685fa1,ANTHRO 102,2.967
Introduction to Music Cultures of the World,https://madgrades.com/courses/d78c7fa4-6e5b-3986-a847-0ba488bf4cea,FOLKLORE / MUSIC 103,3.588
Environmental Studies: The Social Perspective,https://madgrades.com/courses/50c4ce66-7d75-3f1b-859f-192728af30d8,ENVIR ST 112,3.661
Child Psychology,https://madgrades.com/courses/6a8e91d4-0b1a-3958-a1ac-111d819aa881,PSYCH 560,3.256
"Exercise,Nutrition,&Health",https://madgrades.com/courses/c783e2d6-defb-3302-b422-7d9fff2db475,PE ACTIV 100,2.577
History of American Education,https://madgrades.com/courses/997e692c-7e9d-3808-94fb-32e22c53b6f5,ED POL / HISTORY 412,3.413
Topics-Finite Mathematics,https://madgrades.com/courses/70ed2244-cda1-312b-a31f-ccd3ea7f481f,MATH 210,2.857
History of Western Art II: From Renaissance to Contemporary,https://madgrades.com/courses/1d33489a-f1d9-3de3-80bd-480fafafd27f,ART HIST 202,3.406
"Exercise, Nutrition, and Health",https://madgrades.com/courses/fccdce59-3a95-3836-99e1-9703e7b7da91,KINES 100,2.745
Living in the Global Environment: An Introduction to People-Environment Geography,https://madgrades.com/courses/45e30d2e-c57c-338a-ac09-a2f341bc20f6,ENVIR ST / GEOG 139,3.296
"Gender, Women, and Cultural Representation",https://madgrades.com/courses/5395f5c6-68c4-3a81-ab4b-525365d12c55,WOMEN ST 101,3.589
Dynamics,https://madgrades.com/courses/ece77d76-3d23-3853-b3c1-bfae82c0a89e,E M A 202,2.790
Marketing Research,https://madgrades.com/courses/dd4b07b8-4e17-3671-a8cc-875a3a42c0f0,MARKETNG 310,3.418
School and Society,https://madgrades.com/courses/7f57bd2f-b952-3223-8fa5-e5a7621e25ef,ED POL 300,3.788
Language Development in Children and Adolescents,https://madgrades.com/courses/4923ed83-74bb-389e-88e2-e66faf1f121d,COM DIS 240,3.528
Problem Solving Using Computers,https://madgrades.com/courses/723bb90e-7865-35bf-b4f4-7f2978dbd413,COMP SCI 310,3.153
Data Sci Programming I,https://madgrades.com/courses/7ea3c96f-5246-39ac-9c22-eff420630de2,COMP SCI 220,3.550
Introduction to Dynamic Systems,https://madgrades.com/courses/e7d47959-3c85-3d61-9c80-19e9d35f7b2e,M E 340,3.122
Introduction to Data Programming,https://madgrades.com/courses/613fbdc2-d4e9-3ac0-ae9b-af126ae97119,COMP SCI 301,3.263
Chemistry in Our World,https://madgrades.com/courses/0c30e282-eb30-3b45-9bc4-41d9847c39fe,CHEM 108,2.989
Database Management Systems: Design and Implementation,https://madgrades.com/courses/0792eac4-46ac-3e08-8cd0-858349ff66d1,COMP SCI 564,3.272
Mass Communication Practices,https://madgrades.com/courses/da063f81-165e-3f2d-9dad-3e88d7049b67,JOURN 202,3.432
Physiology,https://madgrades.com/courses/77e0a0f2-fdd9-3029-9f4c-d6970eea8c58,ANAT&PHY 335,2.862
Human Nutritional Needs,https://madgrades.com/courses/be2695ba-f615-3b00-ab21-523a65e4aa19,NUTR SCI 332,3.017
World Hunger and Malnutrition,https://madgrades.com/courses/831f0dde-2fb2-3c92-bc8e-b3f3a7e8389b,A A E / AGRONOMY / INTER-AG / NUTR SCI 350,3.437
General Biochemistry I,https://madgrades.com/courses/51ceac97-fc65-3416-a06b-eb330e2a0b19,BIOCHEM 507,3.038
Theory and Practice of Persuasion,https://madgrades.com/courses/b3aa0423-3ce3-31f5-8e9e-7dae5fc6fb6e,COM ARTS 368,3.126
The Big Bands,https://madgrades.com/courses/475e7456-61b0-321b-8372-11cb983326ce,MUSIC 205,3.431
Elementary Heat Transfer,https://madgrades.com/courses/6d1883ee-5819-3a3e-b84b-0fa69229f394,M E 364,3.139
Introduction to the Theory of Probability,https://madgrades.com/courses/3ef3ba60-426e-39ad-a61f-17d381b193d6,MATH / STAT 431,2.968
Engineering Economic Analysis,https://madgrades.com/courses/385c2532-1f76-38cd-bb41-0b0b5bf44cec,ACCT I S / I SY E 313,3.356
Fundamentals of Analytical Science,https://madgrades.com/courses/b09d6895-c1aa-3bf6-a3fc-4f4598ecd577,CHEM 329,3.177
Criminology,https://madgrades.com/courses/1b854f6c-48a8-38a2-93f2-581c46da7a67,SOC 441,3.293
Introduction to Public Health: Local to Global Perspectives,https://madgrades.com/courses/0d7f8b7f-866b-36f7-a206-8dce1268dddf,POP HLTH 370,3.507
Alcohol and Other Drug Abuse,https://madgrades.com/courses/234e0c39-7225-3b34-af9e-d736e6a1d717,SOC WORK 453,3.539
Mechanics of Materials,https://madgrades.com/courses/0f8dba89-a050-31a7-851d-9b308b66ddf8,E M A 303,2.837
Contemporary Topics,https://madgrades.com/courses/ee59303e-cd42-38a0-911d-a79f76b9a0a0,GEN BUS 765,3.745
Business Statistics,https://madgrades.com/courses/71f16d37-c921-30ab-ba23-f0ebdf5cba0e,GEN BUS 303,3.021
Circuit Analysis,https://madgrades.com/courses/25626680-1fae-366b-bc0c-d04cdbfb6c5d,E C E 230,3.023
World Regions in Global Context,https://madgrades.com/courses/af26c26d-8b11-3108-ae10-decf59cd31a3,GEOG 340,3.266
Introduction to the Field of Social Work,https://madgrades.com/courses/f060027d-19e7-3c59-a6dd-b099d769d379,SOC WORK 205,3.497
"Western Culture: Science, Technology, Philosophy I",https://madgrades.com/courses/c4859c34-9e75-3d00-b9df-4146920b2cff,ILS 201,3.348
Informational Divides and Differences in a Multicultural Society,https://madgrades.com/courses/75bf5cfa-dca0-313e-8695-a50d8c152651,L I S 202,3.701
Introduction to Entrepreneurial Management,https://madgrades.com/courses/030ef528-8b59-3fb0-a626-936919ae4373,M H R 322,3.364
The Musical Experience,https://madgrades.com/courses/98e12aa2-e785-39de-bcbb-f89bf10e14ac,MUSIC 101,3.435
Introductory Econometrics,https://madgrades.com/courses/4af9b370-7f8a-37bc-a969-a17a598cf21f,ECON 410,3.033
Environmental Studies: The Humanistic Perspective,https://madgrades.com/courses/6308e0a4-db4b-3a9e-90c7-6d23e8f6a267,ENVIR ST 113,3.517
The Legendary Performers,https://madgrades.com/courses/2674803c-867f-37a2-bad3-1ae4b8b81a7a,MUSIC 206,3.615
Design of Machine Elements,https://madgrades.com/courses/7fbd9877-33a0-3897-9bb7-a23d87fb7c08,M E 342,3.137
Learning a Statistical Language,https://madgrades.com/courses/3c744fd3-c4f8-36f1-a3e9-4d6d2ea25779,STAT 327,3.607
Contemporary Topics,https://madgrades.com/courses/2eafe9a6-8a4b-3c84-841b-8df193fbd0f3,INTL BUS / M H R 365,3.807
Europe and the Modern World 1815 to the Present,https://madgrades.com/courses/c83844ea-a782-313d-97b3-c262565b693d,HISTORY 120,3.269
Marketing Strategy,https://madgrades.com/courses/d514eef5-d380-3f4b-9bfa-41bf0005e1df,MARKETNG 460,3.458
Media and Human Behavior,https://madgrades.com/courses/77ce7138-b56c-3a0b-b5b6-16ed8e56b63b,COM ARTS 325,3.087
Introductory Social Psychology,https://madgrades.com/courses/c3e33a28-4dd4-3572-bc99-22ee07478b06,PSYCH / SOC 530,3.042
Videogames & Learning,https://madgrades.com/courses/22ab6f7d-3b3b-32ce-b1a4-e47b51142d2d,CURRIC 277,3.821
Manufacturing Processes,https://madgrades.com/courses/5d3b20e0-0e0a-3a2c-9846-09123c81ff80,M E 313,3.320
Human Anatomy,https://madgrades.com/courses/c39f46c8-c785-3300-9616-5509ade31e90,ANAT&PHY 337,3.062
Business Strategy,https://madgrades.com/courses/7db12df9-e931-3a40-9e7f-86f84af4336a,M H R 723,3.672
Our Exploration of the Solar System,https://madgrades.com/courses/f6581d3b-e623-3712-9d73-efa2351cf978,ASTRON 104,3.157
Introduction to Kinesiology,https://madgrades.com/courses/e9986ceb-61a3-3050-b925-520b4b998cbc,KINES 119,3.689
Analysis I,https://madgrades.com/courses/35fb5848-4940-30a0-828f-c89dadf78699,MATH 521,3.081
Abnormal Psychology,https://madgrades.com/courses/17446d6b-c24d-31b9-bd01-b4a2ce8b44f2,PSYCH 405,3.185
Geometric Modeling for Engineering Applications,https://madgrades.com/courses/e2869646-9360-3378-a876-2001a0342904,M E 331,3.182
Environmental Economics,https://madgrades.com/courses/bf4a19d4-f454-3005-a7e0-01077ec9ea9a,A A E / ECON / ENVIR ST 343,2.976
Introductory Experience in Electrical Engineering,https://madgrades.com/courses/e5e0f189-efd0-32af-92c4-7b483e8cc79b,E C E 210,3.976
Evolutionary Biology,https://madgrades.com/courses/d7fd457f-b1e4-3d27-86ab-612557131365,ANTHRO / BOTANY / ZOOLOGY 410,3.044
Cognitive Psychology,https://madgrades.com/courses/57c797c1-72e7-3be2-b5fd-2fb8c17c3441,PSYCH 414,3.017
International Trade and Finance,https://madgrades.com/courses/5f110843-3b65-33b5-93b9-a62547ef5760,ECON 464,2.998
Introduction to Digital Forms,https://madgrades.com/courses/285f8ac5-5681-3218-ae4a-529aa0ce1480,ART 107,3.805
Engineering Measurements and Instrumentation,https://madgrades.com/courses/a9f882cf-89c5-3794-b754-49c8d33bc7c4,M E 368,3.159
Survey of Pharmacology,https://madgrades.com/courses/dd785179-89db-3f54-ac5b-6251584e0f6f,PHM SCI 401,3.378
Retail Leadership Symposium,https://madgrades.com/courses/fe2a890e-63f7-3276-bd57-bf5c94163b81,CNSR SCI 250,3.798
Manufacturing Fundamentals,https://madgrades.com/courses/f8d1791e-05ae-3666-8ebd-f4992dcdd2b8,M E 314,3.189
General Ecology,https://madgrades.com/courses/1ab6302b-4f38-370d-a55c-2411f5dcd1ef,BOTANY / F&W ECOL / ZOOLOGY 460,3.126
Basic Concepts of Music Theory,https://madgrades.com/courses/2110bfd4-51be-3d52-adba-809b212d7956,MUSIC 151,3.541
Introduction to Financial Management,https://madgrades.com/courses/e8cfabc9-788a-366b-8372-40d75b473f22,FINANCE 700,3.609
Introduction to the City,https://madgrades.com/courses/e6c9b4eb-70c6-3f4c-838f-ea56685e38ab,GEOG / URB R PL 305,3.500
Weather and Climate,https://madgrades.com/courses/3a328245-8903-3711-84c0-8ff307aaf84a,ATM OCN 101,3.164
Introduction to American Indian Studies,https://madgrades.com/courses/e041d2a2-0411-39a6-9c44-ad379ca2ed3d,AMER IND 100,3.626
Asian American History: Movement and Dislocation,https://madgrades.com/courses/c97d6f56-893b-3c0d-9401-0e320d93dc06,ASIAN AM / HISTORY 160,3.655
Classical Sociological Theory,https://madgrades.com/courses/1907f769-ba44-38a3-aeec-a080b9e6315c,RUR SOC / SOC 475,3.179
Western Culture: Literature and the Arts I,https://madgrades.com/courses/e621a861-44e2-32af-8ca1-7460724521b7,ILS 203,3.475
Financial Accounting,https://madgrades.com/courses/3a4f8b6c-ea55-3c68-ac18-9f7aa5599aa5,ACCT I S 700,3.648
"Introduction to Lesbian, Gay, Bisexual, Transgender and Queer+ Studies",https://madgrades.com/courses/05c282a6-3fdd-3c17-8853-64555c2c677e,INTER-LS / SOC / WOMEN ST 200,3.264
Great Speakers and Speeches,https://madgrades.com/courses/19a59377-7b69-3a7c-93df-8cf863f582e6,COM ARTS 370,3.162
Fundamentals of Analytical Science,https://madgrades.com/courses/5ef8c8ee-e7b6-3157-b60d-feb636d2909e,CHEM 327,3.070
Accounting Systems,https://madgrades.com/courses/2408a326-2a79-30da-821b-1b91db54b902,ACCT I S 340,3.325
Critical Internet Studies,https://madgrades.com/courses/d51cb702-1801-381e-973c-d89f07cfc4d7,COM ARTS 346,3.207
L&S Career Development: Taking Initiative,https://madgrades.com/courses/38c158d8-ee0a-33f9-9e9f-fc29c33614e4,INTER-LS 210,3.780
Principles and Practice of Strategic Communication,https://madgrades.com/courses/08221bc6-7f5e-3383-8dd9-6f83ed8ea11e,JOURN 345,3.787
Introduction to Digital Media Production,https://madgrades.com/courses/d0dd4811-5b49-3a87-bd8f-3d3a85d49ed5,COM ARTS 155,3.720
How to Succeed in College,https://madgrades.com/courses/fd84c196-2ef8-3d0b-b385-1f66158591d5,INTER-LS 145,3.904
Energy Systems Laboratory,https://madgrades.com/courses/8fc945a1-c6cc-3b21-9d5a-f7ecab4b1b16,M E 370,3.037
Urban and Regional Economics,https://madgrades.com/courses/85d76a6d-14ae-39a4-bca1-bde90c3fae1b,REAL EST / ECON / URB R PL 420,3.368
Statistics for Sociologists I,https://madgrades.com/courses/9d618d1e-49a8-3b90-b25e-dfe560ee6758,RUR SOC / SOC 360,3.095
Theory and Practice in Interviewing,https://madgrades.com/courses/5c1a4b23-4187-3c25-b350-8d1d15286c2d,COUN PSY 650,3.785
Design: Fundamentals I,https://madgrades.com/courses/78f3d458-d793-3edb-a55b-e1afcd757b4d,DS 120,3.307
Workshop in Dance Activity,https://madgrades.com/courses/8f63bde1-ff7f-3fe7-9901-862908bf134c,DANCE 1,3.812
Europe,https://madgrades.com/courses/5035b445-ed33-3b1b-b7af-4efa203f3534,GEOG 349,3.356
Quantitative Reasoning and Problem Solving,https://madgrades.com/courses/1f40fff8-f338-37bd-8b0b-8fc2afd32873,MATH 141,3.023
Introduction to Social Policy,https://madgrades.com/courses/58cfe82e-56e9-303d-b7d6-0740b3af69bd,SOC WORK 206,3.285
Child Development,https://madgrades.com/courses/203a3f2f-c7bd-3408-80ef-2d263484adb3,PSYCH 460,3.196
Speech Science,https://madgrades.com/courses/51d6022e-81b3-3779-940e-0c53d359768b,COM DIS 201,3.258
Marketing Management,https://madgrades.com/courses/fd66719d-0f6b-3ca0-b668-eb63bd3ff90d,MARKETNG 700,3.535
Forum on the Environment,https://madgrades.com/courses/2793e95d-5ba2-3de7-95b0-3e5e024be5f0,ENVIR ST / SOIL SCI 101,3.825
Limnology-Conservation of Aquatic Resources,https://madgrades.com/courses/9c04c8b5-6d06-3669-aa5c-febecfa49e41,ENVIR ST / ZOOLOGY 315,2.933
Design Practicum,https://madgrades.com/courses/3d72a334-8c77-374f-910b-f481edc16ebd,INTEREGR 170,3.842
Consumer Behavior,https://madgrades.com/courses/891d732c-90dc-3086-a7ab-a9ba2a114a12,CNSR SCI 657,3.500
Social Work with Ethnic and Racial Groups,https://madgrades.com/courses/5c8ca81c-79e9-34da-b977-216027e8290d,SOC WORK 640,3.747
Pharmacology I,https://madgrades.com/courses/9cda1e49-170b-396d-a822-317ea272ae5a,PHM SCI / PHMCOL-M 521,3.310
Audit and Assurance Services,https://madgrades.com/courses/c644e9d4-2b19-3497-a337-fac2e10a9ecc,ACCT I S 630,3.399
Introduction to Theory and Methods of Mathematical Statistics II,https://madgrades.com/courses/6ccdb5e8-1392-398f-bb61-fbd15a908331,STAT 312,3.376
Ballroom Dance I,https://madgrades.com/courses/d07193c1-551e-3c4d-82cd-7059fc2cd512,DANCE 2,3.825
Circuits Laboratory I,https://madgrades.com/courses/a973be75-0ded-34fd-b898-07d40f88b702,E C E 270,3.683
Normal Aspects of Hearing,https://madgrades.com/courses/08990c66-3260-37e8-9852-e1eb7e395989,COM DIS 202,3.436
Strategies for Inclusive Schooling,https://madgrades.com/courses/1beadc0b-1044-3ef0-8b89-dc1ee67beb07,RP & SE / CURRIC 506,3.924
Physical Chemistry,https://madgrades.com/courses/8c2e9e80-dacf-391f-b0a8-955344aeead3,CHEM 562,3.016
Environmental Engineering,https://madgrades.com/courses/2dd6cd30-3ea5-3f26-b169-b5a2a1737723,CIV ENGR 320,3.126
Introduction to Afro-American History,https://madgrades.com/courses/888ffbb6-90b1-33d9-a0bd-31b495456a70,AFROAMER 231,3.492
Introduction to International Relations,https://madgrades.com/courses/e9a1a67b-6f2a-3270-9c24-b254d913f32c,POLI SCI 140,3.279
Cell Biology,https://madgrades.com/courses/f4c96220-8b0a-3955-9cca-afe603f3e6bc,ZOOLOGY 570,3.094
The Sociological Enterprise,https://madgrades.com/courses/811ea0a7-2113-31ab-bf43-7a52fb2d194a,RUR SOC / SOC 211,3.333
Behavioral Neuroscience,https://madgrades.com/courses/4d8cc20d-f4b9-3edc-bf58-c09b767911ec,PSYCH 454,3.303
Law and Economics,https://madgrades.com/courses/b38189f4-90e4-3ed1-9b6a-53281aac5dd5,ECON 522,3.078
Ballroom Dancing,https://madgrades.com/courses/e527d008-20d0-3cc2-9fbf-72d4d856ffd5,DANCE 41,3.827
Coming to Terms with Cultural Diversity: Invitation to Dialogue,https://madgrades.com/courses/305fd773-148c-376e-8b60-4a94c51a7181,COUN PSY 225,3.827
American Environmental History,https://madgrades.com/courses/e6eb5c61-78ee-3263-847e-bafcbf4a92b6,ENVIR ST / GEOG / HISTORY 460,3.470
Introduction to Community and Environmental Sociology,https://madgrades.com/courses/a16f94a4-2f82-3b25-89ff-d480e62646ba,RUR SOC / SOC 140,3.430
Foundations of Contemporary Art,https://madgrades.com/courses/e476fc43-2f00-3b4d-b105-c6105285dc23,ART 108,3.471
Intermediate Business Statistics,https://madgrades.com/courses/49e9f237-da74-3525-ad32-10a184de81d2,GEN BUS 304,3.385
Electronic Circuits I,https://madgrades.com/courses/048743ba-9026-3ae5-b993-fd49b3b2d5f5,E C E 340,3.163
Renewable Energy Systems,https://madgrades.com/courses/b14ee638-e532-3821-9e1c-858aaa9aba70,BSE / ENVIR ST 367,3.336
Cost Management Systems.,https://madgrades.com/courses/f4810a5e-09c6-39d0-9889-24f8233c161f,ACCT I S 310,3.372
General Biochemistry II,https://madgrades.com/courses/2f3229c3-73cb-3333-b684-80497c7b9304,BIOCHEM 508,2.972
Pharmacology III,https://madgrades.com/courses/eb27b22a-558a-3271-bbd8-11d6c1c72f3b,PHM SCI 623,3.620
Introduction to Human Factors,https://madgrades.com/courses/8924122c-6e2a-3b88-b496-da4a6979b629,I SY E / PSYCH 349,3.681
Electrodynamics I,https://madgrades.com/courses/bd66dac9-512f-3fe3-b038-e2a497cbd804,E C E 220,3.152
Hip-Hop and Contemporary American Society,https://madgrades.com/courses/d0e77d47-7ee6-3707-b7e3-8f2058334549,AFROAMER 154,3.821
Biophysical Chemistry,https://madgrades.com/courses/e19dc99a-4a35-38ea-9a7c-349f101fa66b,CHEM 565,3.123
Bank Management,https://madgrades.com/courses/714bb751-2156-3598-a0ae-3021c9e791e6,FINANCE 410,3.394
"Signals, Information, and Computation",https://madgrades.com/courses/e0308318-8e0c-3be6-8333-6fa1d4a4954f,E C E 203,3.283
Economics for Managers,https://madgrades.com/courses/443c95d7-60c9-36f5-b945-920f9780ce45,OTM 732,3.564
Human Anatomy-Kinesiology,https://madgrades.com/courses/d111a94e-2779-31c4-974f-436eac774bdc,ANATOMY / KINES 329,3.580
Critical Thinking and Expression,https://madgrades.com/courses/f6c10eb0-278f-3155-87d1-fd833a0d694a,ILS 200,3.743
Energy,https://madgrades.com/courses/6b4c8f0a-c1a5-381e-b746-14f696ae9f04,PHYSICS 115,3.347
Literature and Popular Culture,https://madgrades.com/courses/085c7b53-4b9a-3891-84ce-0bb24f2f7a06,ENGL 177,3.458
Fluid Mechanics,https://madgrades.com/courses/7f37ed83-b3f7-34c5-8d5f-e84eb1df1226,CIV ENGR 310,2.883
Elementary Organic Chemistry,https://madgrades.com/courses/3a341574-e19b-3abe-a068-8b5b096d45df,CHEM 341,2.775
Introduction to Drug Action and Drug Delivery I,https://madgrades.com/courses/486c3064-a720-31db-8d0c-3d1398b53f3e,PHM SCI 420,3.265
Financial Reporting II,https://madgrades.com/courses/d4243900-ec70-3df3-89ef-67927941b649,ACCT I S 302,3.249
Selected Topics in Political Science,https://madgrades.com/courses/c45dfb6e-e018-3580-9bda-77f20d971e4b,POLI SCI 401,3.413
"Financial Markets, Institutions and Economic Activity",https://madgrades.com/courses/f3463b93-3681-3705-a7e3-38591749b0ed,FINANCE 305,3.253
Ethnic Movements in the United States,https://madgrades.com/courses/929435b0-7647-3b99-acaf-c782b7c9ed9a,ASIAN AM / SOC 220,3.430
Financial Life Skills for Life After Graduation,https://madgrades.com/courses/5d70a0f7-02a1-3fc5-8cdf-56d0e514bb4b,CNSR SCI 321,3.852
Fundamentals of Electrical and Electro-mechanical Power Conversion,https://madgrades.com/courses/5c112376-6c53-3dee-a382-ac34b160f2d0,E C E 377,3.267
Drugs and Their Actions,https://madgrades.com/courses/84f254a0-c8c6-3b3d-81ef-17331bf84571,PHM SCI 310,3.582
Pharmacy in the Health Care System,https://madgrades.com/courses/25600839-a06c-3d73-adc5-8b2cd3860d07,S&A PHM 411,3.523
History of Western Art I: From Pyramids to Cathedrals,https://madgrades.com/courses/8dee753f-25ca-3a83-ad3e-a9de00bb6c53,ART HIST 201,3.094
Introduction to Cryptography,https://madgrades.com/courses/c383953c-7c14-3614-b84e-107441ba5002,COMP SCI / E C E / MATH 435,3.050
British Literature Before 1750,https://madgrades.com/courses/75fb5219-93d0-387f-82bf-9d2d7eba6ef4,ENGLISH 215,3.220
Pharmacotherapy I,https://madgrades.com/courses/746ebadd-4e9b-3206-9a45-1ece9418337f,PHM PRAC 555,3.225
The Making of Modern Europe 1500-1815,https://madgrades.com/courses/7631b299-b467-38d9-8bd5-4b1e6f64b276,HISTORY 119,3.199
Topics in Legal Studies and the Social Sciences,https://madgrades.com/courses/96d03b0c-56c4-33df-8fe9-a335fbb7b1d8,LEGAL ST 400,3.353
Drug Delivery Systems,https://madgrades.com/courses/f93bf158-03b4-3915-a2b9-1e32ecd78def,PHM SCI 540,3.202
The Criminal Mind: Forensic and Psychobiological Perspectives,https://madgrades.com/courses/0d452858-199c-3194-8576-d90fb7f56d19,PSYCH 526,3.670
Comm B Topics in English Literature,https://madgrades.com/courses/5765307b-fc31-39f7-9bbc-bb5e40f0f719,ENGL 140,3.536
Shakespeare,https://madgrades.com/courses/7af45d08-50a2-3629-ae18-aa32aee780f4,ENGL 162,3.684
Introduction to Programming Languages and Compilers,https://madgrades.com/courses/ecff4693-50ce-3960-91fe-374a8db40534,COMP SCI 536,3.087
Pharmacotherapy III,https://madgrades.com/courses/8576e136-9581-3225-ab5e-992dfabb0442,PHM PRAC 655,3.232
American Literature,https://madgrades.com/courses/04786a2d-c8ba-380c-ad3b-e22f907f1a3b,ENGLISH 217,3.316
"Issues in Agriculture, Environment, and Life Sciences",https://madgrades.com/courses/68755eb2-e39c-3f57-b2bd-5ae77c1fdaa1,INTER-AG 155,3.851
Pharmacology II,https://madgrades.com/courses/f439dd41-e0c2-3457-ab8d-85edd1c4562a,PHM SCI / PHMCOL-M 522,3.469
Science of Food,https://madgrades.com/courses/b3b9835b-f232-3305-a398-d167e0952350,FOOD SCI 120,3.097
Medicinal Chemistry I,https://madgrades.com/courses/b68835fe-a843-312a-9798-b92c8e8570cb,PHM SCI 531,3.297
Pharmaceutical Biochemistry,https://madgrades.com/courses/c75887e7-e9bd-342d-86c3-e2c583af521a,PHM SCI 432,3.434
Fundamentals of Taxation,https://madgrades.com/courses/bb0cd92c-bfc6-3217-82fb-f8682e2585b6,ACCT I S 620,3.275
"Pharmaceutical Calculations, Dispensing and Compounding",https://madgrades.com/courses/44a18a2a-bed3-35e4-bf5b-e6963bf5eb63,PHM SCI 541,3.513
Statistical Methods for Bioscience I,https://madgrades.com/courses/ffb82e09-6816-3a8e-9345-8e59f9f05d05,F&W ECOL / HORT / STAT 571,3.501
British&Anglo Lit 1750-Present,https://madgrades.com/courses/438628b2-f309-300a-8e8c-d11196a60b2a,ENGLISH 216,3.302
"Living with Wildlife - Animals, Habitats, and Human Interactions",https://madgrades.com/courses/f8f38e0d-bb59-3816-b80f-3d55d9e8401f,F&W ECOL 110,3.028
The Theory of Single Variable Calculus,https://madgrades.com/courses/228a9afa-e891-3f78-9ca2-b640cb1a13cd,MATH 421,3.112
Shakespeare,https://madgrades.com/courses/7a5f33cb-37ba-306d-aa7b-8e0cb345d9a4,ENGLISH 162,3.321
Computer Graphics,https://madgrades.com/courses/323b9c99-a1d7-37d7-a524-7ad3d318b85d,COMP SCI 559,3.231
Drug Delivery Systems Laboratory II,https://madgrades.com/courses/cd72adb7-b411-311e-9016-6641f504962a,PHM SCI 542,3.713
Introduction to Pharmacy Practice Experience IV,https://madgrades.com/courses/1e3dffb1-95bc-3843-8352-b053e04bf859,PHM PRAC 526,3.937
Introductory Transport Phenomena,https://madgrades.com/courses/22e9c713-2ec5-3366-9ec2-1d28d33894f5,B M E / CBE 320,3.020
Real Estate Finance,https://madgrades.com/courses/3d8edb04-6641-39a9-b18f-ea019c0a21bd,REAL EST 410,3.275
Pilates Mat I,https://madgrades.com/courses/d4344bcd-4f31-36e7-8c69-1d6a7d015a93,DANCE 135,3.752
Business Organizations and Negotiable Instruments,https://madgrades.com/courses/17c4fa39-a9ae-3670-96f1-7da67598adee,GEN BUS 302,3.494
Masterpieces of African American Literature,https://madgrades.com/courses/ffad6cc2-f3da-382a-bfa4-3fd938272e91,AFROAMER 227,3.429
Negotiations,https://madgrades.com/courses/9269c33f-4f2a-3146-b791-cbac0130b094,M H R 628,3.751
Analytical Methods for Electromagnetics Engineering,https://madgrades.com/courses/ad96c625-c342-32d3-aaa4-87503b2d0fb4,E C E 219,3.801
Intro to Global Cultures,https://madgrades.com/courses/e5453a5a-b53b-3cb6-8344-9342ea008234,ILS 209,3.628
Introduction to Probability and Mathematical Statistics I,https://madgrades.com/courses/2eacb08c-4327-3ff0-aa76-deb43ec562c4,MATH / STAT 309,3.204
Signals and Systems,https://madgrades.com/courses/5c428745-18b5-3aeb-894d-2498cfd004ce,E C E 330,3.164
Introduction to Biopharmaceutics and Pharmacokinetics,https://madgrades.com/courses/8fd3a5a2-f236-3b9a-8020-469e095b14cf,PHM SCI 421,3.047
Parasitology,https://madgrades.com/courses/d0e8cce8-e978-337c-9fad-dce77ef5690a,ENTOM / M M & I / PATH-BIO / AHABS / ZOOLOGY 350,2.936
Wages and the Labor Market,https://madgrades.com/courses/f47755b3-61cd-3259-85a2-7f2ca0800082,ECON 450,2.995
Operations Management,https://madgrades.com/courses/13551567-43fa-30a6-9fd5-ab9172dade54,OTM 700,3.565
The Information Society,https://madgrades.com/courses/c9cecd5e-3c4c-37b5-9af5-d128d411b3d3,L I S 201,3.660
Biochemical Principles of Human and Animal Nutrition,https://madgrades.com/courses/2cfd13dd-a318-3355-8ee7-cd30aab67353,BIOCHEM / NUTR SCI 510,3.300
Financial Statement Analysis,https://madgrades.com/courses/f6347d40-e926-3e2a-97dd-50bdc414a090,ACCT I S 603,3.614
Social and Behavioral Aspects of Pharmacy Practice,https://madgrades.com/courses/5d603e6b-d981-37fc-b368-f941b8e11e1c,S&A PHM 414,3.199
Introduction to Computer Networks,https://madgrades.com/courses/f87b3a9c-34da-3fbf-8621-2a513cb3e4d1,COMP SCI 640,3.342
"Language, Mind, and Brain",https://madgrades.com/courses/ed5f660f-ce90-35e5-bf9d-5a305ca44362,PSYCH 413,3.095
University Symphony Orchestra,https://madgrades.com/courses/4b2dfdea-9718-3990-9e87-6ac1bdae49f2,MUSIC 62,3.988
The Sociology of Gender,https://madgrades.com/courses/d64d9bf9-3d30-337c-aebc-b0798688806a,SOC 138,3.664
Indians of North America,https://madgrades.com/courses/11520809-7c6e-3ecd-a1bb-8e498ea1acaa,AMER IND / ANTHRO 314,2.987
Construction Project Management,https://madgrades.com/courses/682593ff-4b60-3a48-af13-a86f6a70b89b,CIV ENGR 498,3.601
Introduction to Folklore,https://madgrades.com/courses/fdc4d039-699e-341d-89f0-cfef38423325,FOLKLORE 100,3.625
Human Development From Childhood Through Adolescence,https://madgrades.com/courses/d0000ee5-ea75-345e-9777-0d396c3388c6,ED PSYCH 331,3.617
Neural Basis of Communication,https://madgrades.com/courses/8a04fc7f-dcfa-3ee6-ad9e-62b8163f3db6,COM DIS 210,3.578
Medicinal Chemistry II,https://madgrades.com/courses/9dd43b2e-b264-3c12-af4f-d328c2bc82f9,PHM SCI 532,3.430
Concert Band,https://madgrades.com/courses/6b28c9cc-9542-37c4-aa81-32c213581086,MUSIC 41,3.978
Theory of Interest and Life Insurance,https://madgrades.com/courses/8f6096ee-1c1b-3ab8-9584-daa1022e1bbc,ACT SCI / MATH 303,3.220
"Western Culture: Political, Economic, and Social Thought I",https://madgrades.com/courses/63ff7d4b-57e1-32e9-a951-1f4aef8f9db2,ILS 205,3.208
Energy Resources,https://madgrades.com/courses/3f1a2473-b3f9-3cc2-9c03-5dc7535e0122,ENVIR ST / GEOLOGY 411,3.425
Introduction to Environmental Health,https://madgrades.com/courses/8cf6ac72-47ff-3a03-8cc3-8b6cc6b72fcc,ENVIR ST / POP HLTH 471,3.576
Air Pollution and Human Health,https://madgrades.com/courses/5002ce42-e789-3631-97bc-11dca56a5673,ENVIR ST / POP HLTH 502,3.594
Introduction to Computer Architecture,https://madgrades.com/courses/d5fe8d3d-c558-3d58-a82f-7956ed122240,COMP SCI / E C E 552,3.295
Genetics in the News,https://madgrades.com/courses/d118f5a0-52e3-31b4-b7a4-b98765b2f827,BOTANY / GENETICS / ZOOLOGY 133,3.544
Pharmacy Practice Experience II,https://madgrades.com/courses/1157ca8c-3ca2-3cb6-aae7-745635c729f7,PHM PRAC 426,3.922
Special Topics,https://madgrades.com/courses/39d63cf0-6b51-37b5-a640-51dc0e1288e7,GENETICS 375,3.946
The Consumer and the Market,https://madgrades.com/courses/deb4294a-17db-3cf9-8c8d-31c43db15ac8,CNSR SCI 477,3.250
SoHE Career & Leadership Development,https://madgrades.com/courses/7ed36516-a41f-33cb-b278-8485f7745da6,INTER-HE 202,3.417
Process Synthesis,https://madgrades.com/courses/825c8160-60f5-3146-bfd9-8a11729f8d2c,CBE 250,2.944
"Law, Politics and Society",https://madgrades.com/courses/7c9e12c7-9f93-3796-b4d6-879aaf7a1a1b,LEGAL ST / POLI SCI 217,3.168
An Introduction to Geographic Information Systems,https://madgrades.com/courses/999e8e2b-dc90-30f9-91c5-ce36ff084988,CIV ENGR / ENVIR ST / GEOG 377,3.266
Entrepreneurial Management,https://madgrades.com/courses/b250378f-f1ea-3442-8f31-ac32b3bcfd50,M H R 422,3.640
"Bodies, Diseases, and Healers: An Introduction to the History of Medicine",https://madgrades.com/courses/f0bc0e1c-bdb7-3b9c-b311-5708e236542b,MED HIST / HIST SCI 212,3.363
The Greeks,https://madgrades.com/courses/90bef5c7-eeab-36d7-b229-87793bd6a725,CLASSICS 320,3.545
Soil Mechanics,https://madgrades.com/courses/033a32d8-f459-3b15-80b4-c0c760d98aad,CIV ENGR / G L E 330,2.947
Valuation of Real Estate,https://madgrades.com/courses/25ebf94b-6bc2-35b8-9f18-a0cd0686d041,REAL EST 415,3.369
Introduction to Combinatorics,https://madgrades.com/courses/4d059bd9-4520-3a4d-9174-e3ad726d085e,COMP SCI / MATH / STAT 475,3.088
Immunology,https://madgrades.com/courses/3619e19f-5a8c-3a7b-b115-1082c9cff032,MICROBIO / M M & I / PATH-BIO / AHABS 528,3.168
History of Mass Communication,https://madgrades.com/courses/ca7d5a0a-bdc7-3b32-857d-b962db63d8ac,HISTORY / JOURN 560,3.198
Pharmacotherapy IV,https://madgrades.com/courses/19bb9d1c-9d1c-3f2e-91f2-4acb70977410,PHM PRAC 656,3.090
Digital System Design and Synthesis,https://madgrades.com/courses/8154ba25-ac4f-372c-bb70-fb21d20fa965,E C E 551,3.298
Topics in Asian American Studies,https://madgrades.com/courses/11ff96e1-3465-3f63-89f9-0e62357aa798,ASIAN AM 240,3.649
Introduction to Animal Sciences,https://madgrades.com/courses/d71545a3-0158-3fe3-89e5-8b7fe2670c7b,DY SCI / AN SCI 101,3.281
Life in the Universe,https://madgrades.com/courses/1dc216c1-a170-35d1-aa67-215b127d3468,ASTRON / GEOLOGY 160,2.886
Drug Literature Evaluation,https://madgrades.com/courses/a56b2b63-9f01-3ffd-a6d4-6ba3c2bb0f5b,PHM PRAC 570,3.488
Pharmacist Communication: Educational and Behavioral Interventions,https://madgrades.com/courses/9e7f1630-2f00-304f-9c58-2231e079b0be,S&A PHM 652,3.813
Pharmacotherapy II,https://madgrades.com/courses/c7f08d16-8313-3da2-ade2-aa35b3e10482,PHM PRAC 556,3.189
Essentials of Gerontological Nursing,https://madgrades.com/courses/fd28f0dc-bad1-3ffd-8511-032c4e790979,NURSING 433,3.766
Introductory Pharmacy Practice Experience VI,https://madgrades.com/courses/c8e73580-ce7c-3d6b-a015-b78b7274da05,PHM PRAC 626,3.913
Advanced Concepts in Nursing Practice,https://madgrades.com/courses/8b56faa3-139c-3634-8153-b13d489b4296,NURSING 422,3.428
Issues in Psychology,https://madgrades.com/courses/c31dfc75-c018-3f26-b588-b59c09bc5a57,PSYCH 311,3.697
Intro-Brit & Amer Lit pre-1914,https://madgrades.com/courses/c1996f7e-5c26-3434-8580-2e500a941e7f,ENGLISH 167,3.271
Mental Health and Mental Illness: Implications for Nursing,https://madgrades.com/courses/7d86ddf1-8566-336b-aa00-8ce9a05f843f,NURSING 310,3.846
Hydroscience,https://madgrades.com/courses/2fddaade-f5aa-34a5-87d5-1b3a0b404695,CIV ENGR 311,2.892
Theory and Practice of Group Discussion,https://madgrades.com/courses/c3f04163-bd78-3bee-ae89-08a2fe2f7a92,COM ARTS 266,3.261
Contemporary Topics,https://madgrades.com/courses/19c074f7-7910-351e-a9c5-a9351e476dc0,MARKETNG 365,3.577
Psychology of Personality,https://madgrades.com/courses/0c23679f-b773-3e30-9dff-547048aa9932,PSYCH 507,3.088
Introduction to Exercise Psychology,https://madgrades.com/courses/f4bc4616-f6b1-3ea0-8b79-0ebc01549713,KINES 350,3.555
Disability and Society,https://madgrades.com/courses/0eda0688-997f-3a84-a101-bfc41094e1a2,RP & SE 100,3.816
Problem Solving Using Computer Tools,https://madgrades.com/courses/104a6245-c34c-3691-b11d-3656793deba7,CIV ENGR / G L E 291,3.092
"Mind, Brain and Education",https://madgrades.com/courses/0bcfdf47-e9d7-38fb-8b02-117010015b75,ED PSYCH 326,3.587
Modern Algebra,https://madgrades.com/courses/d4d8c421-04b5-377b-a268-c7cc7304bf2e,MATH 541,2.962
Introduction to Linguistics: Descriptive and Theoretical,https://madgrades.com/courses/9d71de54-d0aa-3618-a47c-e643d19790a0,ANTHRO / LINGUIS 301,3.301
Financial Life Skills for Undergraduates,https://madgrades.com/courses/2b25cdf3-de38-3535-81d1-2a03efd2111c,CNSR SCI 111,3.869
Introductory Biology,https://madgrades.com/courses/b14092ad-4251-36d9-9157-f4ce4c0aacab,BIOLOGY / BOTANY / ZOOLOGY 153,2.741
Physiology of Exercise,https://madgrades.com/courses/a41be17e-cfb2-354f-98a0-301154563b81,KINES 314,3.407
Animal Behavior,https://madgrades.com/courses/530a85d5-4f81-30b4-9c72-b0d25c67266c,PSYCH 449,2.894
Introduction to Stochastic Processes,https://madgrades.com/courses/6bf60bd9-e21c-3a90-8848-e5552e136fd4,OTM / I SY E / MATH / STAT 632,3.130
Community Health Nursing,https://madgrades.com/courses/ff9aa99a-0a48-3bcb-859b-5ca0d0a1d77d,NURSING 322,3.846
The First Amendment,https://madgrades.com/courses/da39e47c-6e98-3a57-927f-13a5ed529309,POLI SCI 470,3.183
Transportation Engineering,https://madgrades.com/courses/1af03bfc-4be2-3a67-8d21-c681b2ddb90d,CIV ENGR 370,3.217
Ethnic and Multicultural Literature,https://madgrades.com/courses/becc2c53-2c0c-373a-983b-5f443ae4235a,ENGL 173,3.671
Machine Learning,https://madgrades.com/courses/e6d6df0e-1456-36bb-81bc-5648cf0f224d,COMP SCI / E C E 760,3.665
Production Planning and Control,https://madgrades.com/courses/9f3f6d03-bd01-3658-ace3-6dff0469969a,I SY E 315,3.753
Nursing Care of Persons and Families with Complex Health Care Needs,https://madgrades.com/courses/5e465730-d444-3bbe-bf8a-64abf939aa89,NURSING 449,3.917
Introduction to Digital Communication,https://madgrades.com/courses/f698c264-6ced-3864-9582-46c1b91e2dae,COM ARTS 200,3.479
The American Constitution : Powers and Structures of Government,https://madgrades.com/courses/9f2614c4-d183-302d-9163-b9ab6818eb5e,POLI SCI 411,3.275
Applied Mathematical Analysis,https://madgrades.com/courses/36ef426f-03c5-32f0-9877-6f37ad95a232,MATH 321,2.499
Professional Decision-Making in Pharmacy Practice,https://madgrades.com/courses/d8d2b59d-b3b8-3dd2-bef5-682896e51d64,S&A PHM 618,3.811
Principles of Archaeology,https://madgrades.com/courses/e842fdc6-945f-392b-b55a-3a1369cfadb8,ANTHRO 112,2.999
Strategic Management,https://madgrades.com/courses/3b2fedd8-0705-3747-8276-8e098af899fe,M H R 423,3.534
Contemporary Issues in the Engineering Profession,https://madgrades.com/courses/25c1b534-c687-3c7f-b026-8995ec4d5e09,INTEREGR 101,3.635
Human Responses to Health and Illness I,https://madgrades.com/courses/2b491727-934e-355d-a60c-af7abe30eb12,NURSING 212,3.689
Health History and Patient Assessment,https://madgrades.com/courses/e1e8d066-0798-3e18-b7f3-97fd907d0e51,NURSING 301,3.866
Linear Programming Methods,https://madgrades.com/courses/4c05436f-19b3-3f06-b99a-c28d268997f5,COMP SCI / I SY E / MATH / STAT 525,2.970
Human Responses to Health and Illness II,https://madgrades.com/courses/ae6b1a52-12d9-3e44-acfb-8b98cb070685,NURSING 312,3.452
Actuarial Science Methods II,https://madgrades.com/courses/be5beb82-5c1b-3315-ac4b-a0e09da1541a,ACT SCI 301,3.912
Integrated Respiratory System,https://madgrades.com/courses/820fbdcd-ad17-3c59-b479-03c167b72206,MED SC-M 715,3.451
Introduction to Microprocessor Systems,https://madgrades.com/courses/39095791-9e93-3f76-ac12-f5ec33f91d19,E C E 353,3.182
Integrated Hematology System,https://madgrades.com/courses/17bb8923-99f1-39bc-85c7-482ef13f82fa,MED SC-M 703,3.361
Integrated Endocrinology and Reproductive Health,https://madgrades.com/courses/6e769306-e883-3ad9-99c4-2779f5d6ee62,MED SC-M 711,3.436
Introduction to Retailing,https://madgrades.com/courses/d57772a7-976f-31e6-99c0-77658b38b6f9,CNSR SCI 257,3.703
Criminal Law and Justice,https://madgrades.com/courses/c6b50101-a121-3627-9de4-a03b26a6e8d1,POLI SCI 452,3.127
Integrated Gastrointestinal & Hepatic Systems,https://madgrades.com/courses/5b292081-98a0-3274-8a93-84ffec432ebb,MED SC-M 707,3.523
Legal and Social Forces in Nursing,https://madgrades.com/courses/cd304e29-c179-351f-a24a-1beee42c656e,NURSING 401,3.660
Racial Ethnic Families in the U.S.,https://madgrades.com/courses/02431d68-6362-3b65-b93c-192c32658560,HDFS 474,3.720
Organizational Influences on Interdisciplinary Practice,https://madgrades.com/courses/70cb36d8-8877-3572-89e0-b9d1b3dab647,NURSING / THER SCI 415,3.914
Human Sexuality,https://madgrades.com/courses/80a75607-cb65-3171-822d-580c5041aac6,PSYCH / SOC 350,3.152
"Science, Media and Society",https://madgrades.com/courses/88dec1cd-c2d9-37cb-8636-beb560e47a9a,L SC COM 251,3.262
"Child Language Disorders, Assessment and Intervention",https://madgrades.com/courses/8fda5115-4287-343c-8e3d-98d963512339,COM DIS 440,3.647
Structural Analysis I,https://madgrades.com/courses/5768f9de-1eb3-36e2-9742-2508484d7d0d,CIV ENGR 340,3.280
Literature and Culture I: to the 18th Century,https://madgrades.com/courses/a20013e6-24ba-3f75-9723-d7644500ef1c,ENGL 241,3.417
A History of Rome,https://madgrades.com/courses/479611ef-77ff-32e1-b884-d10ae9c471f7,HISTORY 307,3.361
Introduction to Audiology,https://madgrades.com/courses/d7088b56-66c1-37a8-8490-d33cb7800771,COM DIS 320,3.768
Introduction to Pharmacy Practice Experience III,https://madgrades.com/courses/81f7ab67-33c2-3aca-b4d0-f726411f062e,PHM PRAC 525,3.927
Introduction to Digital Information,https://madgrades.com/courses/d83379a7-ead7-39b0-810e-318550f4bf6d,L I S 351,3.753
Current Directions in Art,https://madgrades.com/courses/9e7a1355-e103-3d67-8d31-3cda77bf7d50,ART 208,3.472
Engineering Design with Polymers,https://madgrades.com/courses/273fd5d3-0d76-39cd-a9cf-8ff667742a07,M E 418,3.710
Plants and Humans,https://madgrades.com/courses/5671f2d3-82f4-3ca2-b7d1-901292eeec86,BOTANY / GEOG 240,3.116
Introduction to Systematic Investigation,https://madgrades.com/courses/78827b7f-5b71-3f59-8340-a6000b0cd990,NURSING 302,3.930
Phonetics and Phonological Development,https://madgrades.com/courses/2ba8de52-38d7-3815-b190-7526568432ee,COM DIS 315,3.661
Electronic Circuits II,https://madgrades.com/courses/85091315-2606-35ba-b9e3-dceb24335332,E C E 342,3.267
Person and Environment Interactions,https://madgrades.com/courses/06a5a8e5-1002-3c9a-930d-eee941bd05cb,DS 221,3.165
"HIV: Sex, Society and Science",https://madgrades.com/courses/9f8acd19-d325-3172-9031-a424c17ab830,PATH-BIO / PATH 210,3.433
"Western Culture: Science, Technology, Philosophy II",https://madgrades.com/courses/35abd8e4-2994-36e3-a279-9f22450c0183,ILS 202,3.322
Explorations in American History (H),https://madgrades.com/courses/ea2436d7-a09f-39e9-b66b-93e23de92788,HISTORY 221,3.233
Introduction to Numerical Methods,https://madgrades.com/courses/14d37fdc-b58d-30df-af83-a32e1779c8d6,COMP SCI 412,2.971
Marketing in a Digital Age,https://madgrades.com/courses/d0bcec05-8874-357a-a79d-a2f3220e1dd7,MARKETNG 355,3.828
Introduction to Political Theory,https://madgrades.com/courses/6a24eb5b-b649-3f02-be03-1f806a3d5af0,POLI SCI 160,3.472
Survey of Botany,https://madgrades.com/courses/46d4db4b-52c9-30b0-b1f4-87117c8e876f,BOTANY 100,3.374
Real Estate Law,https://madgrades.com/courses/676986f6-e084-31ba-ad5e-6d577fd506c3,REAL EST 312,3.350
Introduction to African Literature,https://madgrades.com/courses/c222a490-cc7f-3e70-a2f1-c9a3fa3dbc42,AFRICAN 201,3.578
Clinical III: Community Health Nursing Practicum,https://madgrades.com/courses/124be584-113f-342a-b245-0518685bcd93,NURSING 419,3.944
Literature & Culture of Asian America,https://madgrades.com/courses/e1670053-f677-37ce-a604-2d82f420c781,ASIAN AM / ENGL 150,3.584
The Ancient Mediterranean,https://madgrades.com/courses/73c7a5b7-3011-3d22-b390-7359fabba458,CLASSICS / HISTORY 110,3.355
Volcanoes and Civilization,https://madgrades.com/courses/e9eee1ea-5dc0-33a8-b997-cbc519c704cf,GEOLOGY 111,3.122
Introduction to Modern and Contemporary Literature,https://madgrades.com/courses/4cb449d1-5d35-3c20-b343-42fe786d9081,COMP LIT 202,3.507
Linear Algebra,https://madgrades.com/courses/8e579094-c980-30e2-9972-1e8151db1ab5,MATH 341,3.147
Literature and Popular Culture,https://madgrades.com/courses/aab3075a-5b8d-35dc-bc1e-5b432f975829,ENGLISH 177,3.537
The Origins of Scientific Thought,https://madgrades.com/courses/ea7a4b84-7ae1-35f5-9520-f207be61b1eb,HIST SCI 201,3.410
Introductory Social Psychology,https://madgrades.com/courses/be59f649-e83c-30ab-98ac-cbf7d434b6bf,PSYCH / SOC 456,3.274
The Vampire in Literature and Film,https://madgrades.com/courses/0a5694c8-8457-36ef-8ed2-41994b9d4c4c,LITTRANS 329,3.718
WISE Seminar,https://madgrades.com/courses/d699c42f-3168-33b2-b576-db839ffa7e85,INTER-AG 175,3.960
Explorations in European History (H),https://madgrades.com/courses/c9ee26bb-56b9-31c3-8c9b-54d5c979f02e,HISTORY 223,3.278
Software Engineering,https://madgrades.com/courses/88e440eb-1e19-3b5f-b7a7-bf29b505e9c3,COMP SCI / E C E 506,3.361
Thermodynamics of Mixtures,https://madgrades.com/courses/f755de17-2795-3e30-a763-307822909677,CBE 311,2.972
Biomechanics of Human Movement,https://madgrades.com/courses/efe8882d-01f6-375e-ad2f-c6dc16408e9c,KINES 318,3.305
Statistical Experimental Design,https://madgrades.com/courses/fd11e9bf-745d-30d7-8dc9-50274f83111c,M E / STAT 424,3.414
Global Environmental Health: An Interdisciplinary Introduction,https://madgrades.com/courses/3b5849d4-042c-3019-a085-42fe9d3e1f24,ENVIR ST / MED HIST 213,3.623
Essentials of Family-centered Perinatal and Pediatric Nursing,https://madgrades.com/courses/15c753c4-6dd4-3394-9fc4-d75a69d0bd74,NURSING 332,3.749
Pharmacy Practice Experience I,https://madgrades.com/courses/0f4a71c6-81ed-3d01-98ce-88c0b81dbe7b,PHM PRAC 425,3.956
Managing Behavior in Organizations,https://madgrades.com/courses/cd95bf41-0812-3707-a192-cbda3069f689,M H R 704,3.837
Mechanics,https://madgrades.com/courses/6395caa1-9649-3566-8acc-f6bed85b5ff8,PHYSICS 311,3.124
Special Topics in Mass Communication,https://madgrades.com/courses/609a3b95-3f52-375d-8489-9a032c71b29d,JOURN 676,3.790